{
  "C1DTLZ1": {
    "3": {
      "C-TAEA": {
        "igd_median": 0.020785181479922577,
        "igd_iqr": 0.0005507693170157292,
        "hv_median": 0.7784449291299252,
        "hv_iqr": 0.036418444417164686,
        "n_runs_feasible": 51,
        "n_runs_total": 51
      }
    },
    "5": {
      "C-TAEA": {
        "igd_median": 0.06267271733221272,
        "igd_iqr": 0.0026385041743771237,
        "hv_median": 0.98054344329032,
        "hv_iqr": 0.029713642879420354,
        "n_runs_feasible": 51,
        "n_runs_total": 51
      }
    },
    "8": {
      "C-TAEA": {
        "igd_median": 0.1038220450224403,
        "igd_iqr": 0.0030644195759860354,
        "hv_median": 2.137528928839951,
        "hv_iqr": 0.0070778161018951735,
        "n_runs_feasible": 51,
        "n_runs_total": 51
      }
    },
    "10": {
      "C-TAEA": {
        "igd_median": 0.11361667808772546,
        "igd_iqr": 0.004031636237449593,
        "hv_median": 2.590450848261162,
        "hv_iqr": 0.004084405063005114,
        "n_runs_feasible": 51,
        "n_runs_total": 51
      }
    },
    "15": {
      "C-TAEA": {
        "igd_median": 0.129842930188203,
        "igd_iqr": 0.014399979371553878,
        "hv_median": 4.164602922806117,
        "hv_iqr": 0.0148873733172179,
        "n_runs_feasible": 51,
        "n_runs_total": 51
      }
    }
  },
  "C1DTLZ3": {
    "3": {
      "C-TAEA": {
        "igd_median": 0.09809119530862304,
        "igd_iqr": 7.9396701964308845,
        "hv_median": 0.08952647177209001,
        "hv_iqr": 0.10876148399285612,
        "n_runs_feasible": 51,
        "n_runs_total": 51
      }
    },
    "5": {
      "C-TAEA": {
        "igd_median": 0.4582920023597485,
        "igd_iqr": 1.929225694397653,
        "hv_median": 0.03229763335620404,
        "hv_iqr": 0.11198652018941078,
        "n_runs_feasible": 51,
        "n_runs_total": 51
      }
    },
    "8": {
      "C-TAEA": {
        "igd_median": 1.8869944073145561,
        "igd_iqr": 11.146947563559294,
        "hv_median": 0.0,
        "hv_iqr": 1.3998438393490211,
        "n_runs_feasible": 51,
        "n_runs_total": 51
      }
    },
    "10": {
      "C-TAEA": {
        "igd_median": 0.5133590696556767,
        "igd_iqr": 0.03038230116398133,
        "hv_median": 2.047344072494344,
        "hv_iqr": 0.572230831048687,
        "n_runs_feasible": 51,
        "n_runs_total": 51
      }
    },
    "15": {
      "C-TAEA": {
        "igd_median": 14.362052939332273,
        "igd_iqr": 13.301743837962608,
        "hv_median": 0.0,
        "hv_iqr": 0.3663789007406636,
        "n_runs_feasible": 51,
        "n_runs_total": 51
      }
    }
  },
  "C2DTLZ2": {
    "3": {
      "C-TAEA": {
        "igd_median": 0.05936449008891117,
        "igd_iqr": 0.0010899751933538607,
        "hv_median": 0.12062495586716071,
        "hv_iqr": 0.03312192261496727,
        "n_runs_feasible": 51,
        "n_runs_total": 51
      }
    },
    "5": {
      "C-TAEA": {
        "igd_median": 0.19948822256659968,
        "igd_iqr": 0.002419254106789559,
        "hv_median": 0.15073939486607743,
        "hv_iqr": 0.030123589709682097,
        "n_runs_feasible": 51,
        "n_runs_total": 51
      }
    },
    "8": {
      "C-TAEA": {
        "igd_median": 0.46118630197860083,
        "igd_iqr": 0.005852805652905413,
        "hv_median": 1.9663985606338665,
        "hv_iqr": 0.00951605714882442,
        "n_runs_feasible": 51,
        "n_runs_total": 51
      }
    },
    "10": {
      "C-TAEA": {
        "igd_median": 0.5189181526970423,
        "igd_iqr": 0.003208961553640255,
        "hv_median": 2.5040501800667294,
        "hv_iqr": 0.003657813716553271,
        "n_runs_feasible": 51,
        "n_runs_total": 51
      }
    },
    "15": {
      "C-TAEA": {
        "igd_median": 0.8052408237001228,
        "igd_iqr": 0.005575374550223389,
        "hv_median": 4.013489771535494,
        "hv_iqr": 0.03846911888749638,
        "n_runs_feasible": 51,
        "n_runs_total": 51
      }
    }
  },
  "C3DTLZ1": {
    "3": {
      "C-TAEA": {
        "igd_median": 0.11028365419545526,
        "igd_iqr": 0.0022113150237537543,
        "hv_median": 0.49306446107273255,
        "hv_iqr": 0.32292980788078873,
        "n_runs_feasible": 51,
        "n_runs_total": 51
      }
    },
    "5": {
      "C-TAEA": {
        "igd_median": 0.0997455696104092,
        "igd_iqr": 0.0012424119007472256,
        "hv_median": 0.7887415359803399,
        "hv_iqr": 0.1687356372574672,
        "n_runs_feasible": 51,
        "n_runs_total": 51
      }
    },
    "8": {
      "C-TAEA": {
        "igd_median": 0.12687629538318268,
        "igd_iqr": 0.004292159181909255,
        "hv_median": 2.143031458537196,
        "hv_iqr": 0.00017151211329879956,
        "n_runs_feasible": 51,
        "n_runs_total": 51
      }
    },
    "10": {
      "C-TAEA": {
        "igd_median": 0.1323243677905589,
        "igd_iqr": 0.003500358862702335,
        "hv_median": 2.5936905273994437,
        "hv_iqr": 5.188242946685406e-05,
        "n_runs_feasible": 51,
        "n_runs_total": 51
      }
    },
    "15": {
      "C-TAEA": {
        "igd_median": 0.12340797085033531,
        "igd_iqr": 0.01446319125621684,
        "hv_median": 4.17716404865557,
        "hv_iqr": 0.0009599939648285982,
        "n_runs_feasible": 51,
        "n_runs_total": 51
      }
    }
  },
  "C3DTLZ4": {
    "3": {
      "C-TAEA": {
        "igd_median": 0.3983713647816177,
        "igd_iqr": 0.0040682216437688545,
        "hv_median": 1.3212084921765928,
        "hv_iqr": 1.5536172062118143,
        "n_runs_feasible": 51,
        "n_runs_total": 51
      }
    },
    "5": {
      "C-TAEA": {
        "igd_median": 0.3650465294997712,
        "igd_iqr": 0.0039350903776780854,
        "hv_median": 9.827064054208572,
        "hv_iqr": 6.255238782585908,
        "n_runs_feasible": 51,
        "n_runs_total": 51
      }
    },
    "8": {
      "C-TAEA": {
        "igd_median": 0.5674927598423978,
        "igd_iqr": 0.004586322113230512,
        "hv_median": 376.22398206386714,
        "hv_iqr": 0.07564572842659345,
        "n_runs_feasible": 51,
        "n_runs_total": 51
      }
    },
    "10": {
      "C-TAEA": {
        "igd_median": 0.6398828235623665,
        "igd_iqr": 0.0037201522423445654,
        "hv_median": 1666.6870671037636,
        "hv_iqr": 0.1334390480537877,
        "n_runs_feasible": 51,
        "n_runs_total": 51
      }
    },
    "15": {
      "C-TAEA": {
        "igd_median": 0.9310851726908047,
        "igd_iqr": 0.003541747555772634,
        "hv_median": 68115.50635024419,
        "hv_iqr": 1.3624464247841388,
        "n_runs_feasible": 51,
        "n_runs_total": 51
      }
    }
  },
  "DC1DTLZ1": {
    "3": {
      "C-TAEA": {
        "igd_median": 0.015075177884159156,
        "igd_iqr": 0.0007740293369535769,
        "hv_median": 0.7971358376860505,
        "hv_iqr": 0.01908180822712713,
        "n_runs_feasible": 51,
        "n_runs_total": 51
      }
    },
    "5": {
      "C-TAEA": {
        "igd_median": 0.04435521807134951,
        "igd_iqr": 0.0018466541625385066,
        "hv_median": 0.9768111043654748,
        "hv_iqr": 0.029119986644808193,
        "n_runs_feasible": 51,
        "n_runs_total": 51
      }
    },
    "8": {
      "C-TAEA": {
        "igd_median": 0.08339469041953171,
        "igd_iqr": 0.0033637954964510774,
        "hv_median": 1.92691039508967,
        "hv_iqr": 9.664854977220472e-05,
        "n_runs_feasible": 51,
        "n_runs_total": 51
      }
    },
    "10": {
      "C-TAEA": {
        "igd_median": 0.08467569474717644,
        "igd_iqr": 0.0034297312111949557,
        "hv_median": 2.3316083510517958,
        "hv_iqr": 0.00013990782427875104,
        "n_runs_feasible": 51,
        "n_runs_total": 51
      }
    },
    "15": {
      "C-TAEA": {
        "igd_median": 0.09294112010599682,
        "igd_iqr": 0.0072123285978638735,
        "hv_median": 3.7481674270795873,
        "hv_iqr": 0.007096485041439227,