{"problem_name": "C1DTLZ3", "m": 3, "algo_name": "C-TAEA", "run_idx": 15, "seed": 962003474, "worker_slot": 6, "igd": 0.061131274818183624, "hv": 0.12391186910387544, "n_feasible": 91, "time_sec": 8007.592821499973, "error": null}