{"problem_name": "C1DTLZ1", "m": 3, "algo_name": "C-TAEA", "run_idx": 32, "seed": 633337634, "worker_slot": 8, "igd": 0.021418004584825727, "hv": 0.7915448876012539, "n_feasible": 91, "time_sec": 4201.597977595986, "error": null}