{"problem_name": "C1DTLZ1", "m": 3, "algo_name": "C-TAEA", "run_idx": 10, "seed": 633335434, "worker_slot": 10, "igd": 0.020678966224483758, "hv": 0.7700837594330049, "n_feasible": 91, "time_sec": 4205.083117478993, "error": null}