{"problem_name": "C1DTLZ3", "m": 3, "algo_name": "C-TAEA", "run_idx": 23, "seed": 962004274, "worker_slot": 2, "igd": 0.27138194284032213, "hv": 0.07829935479955906, "n_feasible": 91, "time_sec": 7165.791274260031, "error": null}