{"problem_name": "C1DTLZ3", "m": 3, "algo_name": "C-TAEA", "run_idx": 1, "seed": 962002074, "worker_slot": 4, "igd": 0.06395108922933315, "hv": 0.15175472208489443, "n_feasible": 91, "time_sec": 7752.67767100397, "error": null}