{"problem_name": "C1DTLZ1", "m": 3, "algo_name": "C-TAEA", "run_idx": 25, "seed": 633336934, "worker_slot": 1, "igd": 0.021080427623686025, "hv": 0.7956665375552502, "n_feasible": 91, "time_sec": 4589.124073196028, "error": null}