{"problem_name": "C1DTLZ1", "m": 3, "algo_name": "C-TAEA", "run_idx": 17, "seed": 633336134, "worker_slot": 5, "igd": 0.020726808563853772, "hv": 0.7288988994344986, "n_feasible": 91, "time_sec": 4301.275145713997, "error": null}