{"problem_name": "C1DTLZ3", "m": 3, "algo_name": "C-TAEA", "run_idx": 29, "seed": 962004874, "worker_slot": 8, "igd": 0.0809998585606111, "hv": 0.12689003962289014, "n_feasible": 91, "time_sec": 7667.927054469008, "error": null}