{"problem_name": "C1DTLZ3", "m": 3, "algo_name": "C-TAEA", "run_idx": 28, "seed": 962004774, "worker_slot": 7, "igd": 8.005092648308024, "hv": 0.0, "n_feasible": 91, "time_sec": 9321.836725377012, "error": null}