{"problem_name": "C1DTLZ1", "m": 3, "algo_name": "C-TAEA", "run_idx": 43, "seed": 633338734, "worker_slot": 7, "igd": 0.02034986793867972, "hv": 0.7908666786649887, "n_feasible": 91, "time_sec": 4018.295810081996, "error": null}