{"problem_name": "C1DTLZ3", "m": 3, "algo_name": "C-TAEA", "run_idx": 8, "seed": 962002774, "worker_slot": 11, "igd": 0.07274003519521278, "hv": 0.08385904365745127, "n_feasible": 91, "time_sec": 6915.368714091019, "error": null}