{"problem_name": "C1DTLZ1", "m": 3, "algo_name": "C-TAEA", "run_idx": 24, "seed": 633336834, "worker_slot": 0, "igd": 0.020493150526365803, "hv": 0.794594697707495, "n_feasible": 91, "time_sec": 5047.66794862604, "error": null}