{"problem_name": "C1DTLZ1", "m": 3, "algo_name": "C-TAEA", "run_idx": 40, "seed": 633338434, "worker_slot": 4, "igd": 0.020617308154197482, "hv": 0.7558375527719533, "n_feasible": 91, "time_sec": 4466.268370681035, "error": null}