{"problem_name": "C1DTLZ3", "m": 3, "algo_name": "C-TAEA", "run_idx": 6, "seed": 962002574, "worker_slot": 9, "igd": 0.5403886584735055, "hv": 0.13533029395222407, "n_feasible": 91, "time_sec": 6717.179247611028, "error": null}