{"problem_name": "C1DTLZ3", "m": 3, "algo_name": "C-TAEA", "run_idx": 21, "seed": 962004074, "worker_slot": 0, "igd": 8.00389319173056, "hv": 0.0, "n_feasible": 91, "time_sec": 9051.779631268, "error": null}