{"problem_name": "C1DTLZ1", "m": 3, "algo_name": "C-TAEA", "run_idx": 27, "seed": 633337134, "worker_slot": 3, "igd": 0.021191520899211887, "hv": 0.7920274376788726, "n_feasible": 91, "time_sec": 4227.907241342007, "error": null}