{"problem_name": "C1DTLZ1", "m": 3, "algo_name": "C-TAEA", "run_idx": 4, "seed": 633334834, "worker_slot": 4, "igd": 0.020183383956482566, "hv": 0.7504765252897736, "n_feasible": 91, "time_sec": 4174.1623489760095, "error": null}