{"problem_name": "C1DTLZ1", "m": 3, "algo_name": "C-TAEA", "run_idx": 31, "seed": 633337534, "worker_slot": 7, "igd": 0.020744103880547846, "hv": 0.7698406132775624, "n_feasible": 91, "time_sec": 4203.471715423977, "error": null}