{"problem_name": "C1DTLZ3", "m": 3, "algo_name": "C-TAEA", "run_idx": 24, "seed": 962004374, "worker_slot": 3, "igd": 0.0712405233003031, "hv": 0.08089478352846563, "n_feasible": 91, "time_sec": 7985.088890639017, "error": null}