{"problem_name": "C1DTLZ3", "m": 3, "algo_name": "C-TAEA", "run_idx": 17, "seed": 962003674, "worker_slot": 8, "igd": 8.006155338237283, "hv": 0.0, "n_feasible": 91, "time_sec": 8115.124184756947, "error": null}