{"problem_name": "C1DTLZ3", "m": 3, "algo_name": "C-TAEA", "run_idx": 0, "seed": 962001974, "worker_slot": 3, "igd": 0.07143542722913046, "hv": 0.09852954601404787, "n_feasible": 91, "time_sec": 6498.259607603017, "error": null}