{"problem_name": "C1DTLZ1", "m": 3, "algo_name": "C-TAEA", "run_idx": 0, "seed": 633334434, "worker_slot": 0, "igd": 0.020801618562926703, "hv": 0.7305743173502899, "n_feasible": 91, "time_sec": 4493.5140342959785, "error": null}