{"problem_name": "C1DTLZ1", "m": 3, "algo_name": "C-TAEA", "run_idx": 19, "seed": 633336334, "worker_slot": 7, "igd": 0.020400018860533494, "hv": 0.7540304104079438, "n_feasible": 91, "time_sec": 3867.933901841985, "error": null}