{"problem_name": "C1DTLZ1", "m": 3, "algo_name": "C-TAEA", "run_idx": 3, "seed": 633334734, "worker_slot": 3, "igd": 0.020694005183588892, "hv": 0.7294115712063217, "n_feasible": 91, "time_sec": 3887.237502773991, "error": null}