{"problem_name": "C1DTLZ3", "m": 3, "algo_name": "C-TAEA", "run_idx": 38, "seed": 962005774, "worker_slot": 5, "igd": 3.36640750478792, "hv": 0.0, "n_feasible": 91, "time_sec": 8021.424432406027, "error": null}