{"problem_name": "C1DTLZ1", "m": 3, "algo_name": "C-TAEA", "run_idx": 14, "seed": 633335834, "worker_slot": 2, "igd": 0.020210944589765217, "hv": 0.781268401575594, "n_feasible": 91, "time_sec": 5161.436378665967, "error": null}