{"problem_name": "C1DTLZ3", "m": 3, "algo_name": "C-TAEA", "run_idx": 3, "seed": 962002274, "worker_slot": 6, "igd": 8.005118075261118, "hv": 0.0, "n_feasible": 91, "time_sec": 7043.104353964969, "error": null}