{"problem_name": "C1DTLZ3", "m": 3, "algo_name": "C-TAEA", "run_idx": 18, "seed": 962003774, "worker_slot": 9, "igd": 8.004610421200006, "hv": 0.0, "n_feasible": 91, "time_sec": 7744.733267611999, "error": null}