{"problem_name": "C1DTLZ1", "m": 3, "algo_name": "C-TAEA", "run_idx": 13, "seed": 633335734, "worker_slot": 1, "igd": 0.021147675047426758, "hv": 0.7949307549939474, "n_feasible": 91, "time_sec": 5255.652771010995, "error": null}