{"problem_name": "C1DTLZ1", "m": 3, "algo_name": "C-TAEA", "run_idx": 15, "seed": 633335934, "worker_slot": 3, "igd": 0.02121032871581194, "hv": 0.7681248501379265, "n_feasible": 91, "time_sec": 4356.701585077972, "error": null}