{"problem_name": "C1DTLZ3", "m": 3, "algo_name": "C-TAEA", "run_idx": 26, "seed": 962004574, "worker_slot": 5, "igd": 2.2413373211798024, "hv": 0.0, "n_feasible": 91, "time_sec": 8102.38729458797, "error": null}