{"problem_name": "C1DTLZ3", "m": 3, "algo_name": "C-TAEA", "run_idx": 25, "seed": 962004474, "worker_slot": 4, "igd": 0.6179641566474042, "hv": 0.10303848972530459, "n_feasible": 91, "time_sec": 7860.027227815997, "error": null}