{"problem_name": "C1DTLZ1", "m": 3, "algo_name": "C-TAEA", "run_idx": 2, "seed": 633334634, "worker_slot": 2, "igd": 0.021678964117963374, "hv": 0.7509656364959968, "n_feasible": 91, "time_sec": 5187.09540317097, "error": null}