{"problem_name": "C1DTLZ1", "m": 3, "algo_name": "C-TAEA", "run_idx": 49, "seed": 633339334, "worker_slot": 1, "igd": 0.020911744514288514, "hv": 0.7939688904365401, "n_feasible": 91, "time_sec": 3772.019196525973, "error": null}