{"problem_name": "C1DTLZ1", "m": 3, "algo_name": "C-TAEA", "run_idx": 21, "seed": 633336534, "worker_slot": 9, "igd": 0.022411500117131403, "hv": 0.7411361757907482, "n_feasible": 91, "time_sec": 4387.932291330013, "error": null}