{"problem_name": "C1DTLZ1", "m": 3, "algo_name": "C-TAEA", "run_idx": 37, "seed": 633338134, "worker_slot": 1, "igd": 0.020553567836922398, "hv": 0.7948147796573851, "n_feasible": 91, "time_sec": 4355.800639581983, "error": null}