{"problem_name": "C1DTLZ3", "m": 3, "algo_name": "C-TAEA", "run_idx": 31, "seed": 962005074, "worker_slot": 10, "igd": 0.06422856754742605, "hv": 0.0947657850715063, "n_feasible": 91, "time_sec": 8397.223682167009, "error": null}