{"problem_name": "C1DTLZ1", "m": 3, "algo_name": "C-TAEA", "run_idx": 6, "seed": 633335034, "worker_slot": 6, "igd": 0.020701269061311662, "hv": 0.7946630713799868, "n_feasible": 91, "time_sec": 4749.219322533987, "error": null}