{"problem_name": "C1DTLZ1", "m": 3, "algo_name": "C-TAEA", "run_idx": 5, "seed": 633334934, "worker_slot": 5, "igd": 0.020815401335692676, "hv": 0.789134262524296, "n_feasible": 91, "time_sec": 4014.21033025597, "error": null}