{"problem_name": "C1DTLZ1", "m": 3, "algo_name": "C-TAEA", "run_idx": 11, "seed": 633335534, "worker_slot": 11, "igd": 0.02041657466281613, "hv": 0.7931704084009247, "n_feasible": 91, "time_sec": 4366.131389752962, "error": null}