{"problem_name": "C1DTLZ1", "m": 3, "algo_name": "C-TAEA", "run_idx": 44, "seed": 633338834, "worker_slot": 8, "igd": 0.02115879555327189, "hv": 0.7816562403646825, "n_feasible": 91, "time_sec": 4085.4310460510314, "error": null}