{"problem_name": "C1DTLZ3", "m": 3, "algo_name": "C-TAEA", "run_idx": 36, "seed": 962005574, "worker_slot": 3, "igd": 0.41577109181930627, "hv": 0.09658497808762097, "n_feasible": 73, "time_sec": 8236.184233360982, "error": null}