{"problem_name": "C1DTLZ1", "m": 3, "algo_name": "C-TAEA", "run_idx": 23, "seed": 633336734, "worker_slot": 11, "igd": 0.02111161815325096, "hv": 0.7953971532202234, "n_feasible": 91, "time_sec": 4552.756891234021, "error": null}