{"problem_name": "C1DTLZ3", "m": 3, "algo_name": "C-TAEA", "run_idx": 13, "seed": 962003274, "worker_slot": 4, "igd": 0.06847831638549177, "hv": 0.08941098091597069, "n_feasible": 91, "time_sec": 7735.807953752985, "error": null}