{"problem_name": "C1DTLZ1", "m": 3, "algo_name": "C-TAEA", "run_idx": 34, "seed": 633337834, "worker_slot": 10, "igd": 0.020171457867571213, "hv": 0.7705132076848195, "n_feasible": 91, "time_sec": 4449.457336405001, "error": null}