{"problem_name": "C1DTLZ3", "m": 3, "algo_name": "C-TAEA", "run_idx": 16, "seed": 962003574, "worker_slot": 7, "igd": 0.06106625496237969, "hv": 0.1411238962734163, "n_feasible": 91, "time_sec": 8293.141203392996, "error": null}