{"problem_name": "C1DTLZ3", "m": 3, "algo_name": "C-TAEA", "run_idx": 5, "seed": 962002474, "worker_slot": 8, "igd": 8.006028889791668, "hv": 0.0, "n_feasible": 91, "time_sec": 7267.713586549042, "error": null}