{"problem_name": "C1DTLZ1", "m": 3, "algo_name": "C-TAEA", "run_idx": 30, "seed": 633337434, "worker_slot": 6, "igd": 0.02083195612458997, "hv": 0.7623271986728262, "n_feasible": 91, "time_sec": 4590.574292626989, "error": null}