{"problem_name": "C1DTLZ3", "m": 3, "algo_name": "C-TAEA", "run_idx": 27, "seed": 962004674, "worker_slot": 6, "igd": 0.060145423211356575, "hv": 0.11335074570769718, "n_feasible": 91, "time_sec": 8244.585616446042, "error": null}