{"problem_name": "C1DTLZ1", "m": 3, "algo_name": "C-TAEA", "run_idx": 29, "seed": 633337334, "worker_slot": 5, "igd": 0.020062254380003586, "hv": 0.7306539204534268, "n_feasible": 91, "time_sec": 4331.698777775979, "error": null}