{"problem_name": "C1DTLZ1", "m": 3, "algo_name": "C-TAEA", "run_idx": 36, "seed": 633338034, "worker_slot": 0, "igd": 0.021978708474118605, "hv": 0.7933330613257867, "n_feasible": 91, "time_sec": 4290.234521545004, "error": null}