{"problem_name": "C1DTLZ3", "m": 3, "algo_name": "C-TAEA", "run_idx": 19, "seed": 962003874, "worker_slot": 10, "igd": 0.06205364582261974, "hv": 0.10522096093623079, "n_feasible": 91, "time_sec": 7979.733758582966, "error": null}