{"problem_name": "C1DTLZ3", "m": 3, "algo_name": "C-TAEA", "run_idx": 2, "seed": 962002174, "worker_slot": 5, "igd": 8.004092699188874, "hv": 0.0, "n_feasible": 91, "time_sec": 6899.740508537041, "error": null}