{"problem_name": "C1DTLZ3", "m": 3, "algo_name": "C-TAEA", "run_idx": 12, "seed": 962003174, "worker_slot": 3, "igd": 1.2225165544538308, "hv": 0.0, "n_feasible": 91, "time_sec": 6993.515848324983, "error": null}