{"problem_name": "C1DTLZ3", "m": 3, "algo_name": "C-TAEA", "run_idx": 20, "seed": 962003974, "worker_slot": 11, "igd": 0.0629668187791965, "hv": 0.09837554325304827, "n_feasible": 91, "time_sec": 7579.296200879035, "error": null}