{"problem_name": "C1DTLZ1", "m": 3, "algo_name": "C-TAEA", "run_idx": 1, "seed": 633334534, "worker_slot": 1, "igd": 0.02078932919901465, "hv": 0.7885929888551372, "n_feasible": 91, "time_sec": 4553.687269899005, "error": null}