{"problem_name": "C1DTLZ1", "m": 3, "algo_name": "C-TAEA", "run_idx": 50, "seed": 633339434, "worker_slot": 2, "igd": 0.02150770929980208, "hv": 0.726582094287238, "n_feasible": 91, "time_sec": 3914.5899568119785, "error": null}