{"problem_name": "C1DTLZ3", "m": 3, "algo_name": "C-TAEA", "run_idx": 11, "seed": 962003074, "worker_slot": 2, "igd": 0.061111722658858954, "hv": 0.10884399654003185, "n_feasible": 91, "time_sec": 6884.8199165000115, "error": null}