{"problem_name": "C1DTLZ1", "m": 3, "algo_name": "C-TAEA", "run_idx": 8, "seed": 633335234, "worker_slot": 8, "igd": 0.02089971330925846, "hv": 0.7877282247711492, "n_feasible": 91, "time_sec": 4256.832130433002, "error": null}