{"problem_name": "C1DTLZ3", "m": 3, "algo_name": "C-TAEA", "run_idx": 14, "seed": 962003374, "worker_slot": 5, "igd": 0.0625122578004392, "hv": 0.12224468189522553, "n_feasible": 91, "time_sec": 7545.105453819968, "error": null}