{"problem_name": "C1DTLZ3", "m": 3, "algo_name": "C-TAEA", "run_idx": 30, "seed": 962004974, "worker_slot": 9, "igd": 8.004413758515664, "hv": 0.0, "n_feasible": 91, "time_sec": 8349.312832085008, "error": null}