{"problem_name": "C1DTLZ1", "m": 3, "algo_name": "C-TAEA", "run_idx": 26, "seed": 633337034, "worker_slot": 2, "igd": 0.020375777903946898, "hv": 0.7484206057287662, "n_feasible": 91, "time_sec": 4907.960104117985, "error": null}