{"problem_name": "C1DTLZ1", "m": 3, "algo_name": "C-TAEA", "run_idx": 46, "seed": 633339034, "worker_slot": 10, "igd": 0.020702597640680217, "hv": 0.7913605536107022, "n_feasible": 91, "time_sec": 4155.661295546044, "error": null}