{"problem_name": "C1DTLZ1", "m": 3, "algo_name": "C-TAEA", "run_idx": 41, "seed": 633338534, "worker_slot": 5, "igd": 0.02096300986542094, "hv": 0.7941438576499782, "n_feasible": 91, "time_sec": 4136.741821689007, "error": null}