{"problem_name": "C1DTLZ3", "m": 3, "algo_name": "C-TAEA", "run_idx": 33, "seed": 962005274, "worker_slot": 0, "igd": 0.1681811582560099, "hv": 0.06337373047504019, "n_feasible": 91, "time_sec": 8385.726957542996, "error": null}