{"problem_name": "C1DTLZ1", "m": 3, "algo_name": "C-TAEA", "run_idx": 20, "seed": 633336434, "worker_slot": 8, "igd": 0.020464909989171744, "hv": 0.7306510830759299, "n_feasible": 91, "time_sec": 4412.918510341959, "error": null}