{"problem_name": "C1DTLZ1", "m": 3, "algo_name": "C-TAEA", "run_idx": 16, "seed": 633336034, "worker_slot": 4, "igd": 0.0206049856002234, "hv": 0.7918514651632395, "n_feasible": 91, "time_sec": 4323.499856904964, "error": null}