{"problem_name": "C1DTLZ1", "m": 3, "algo_name": "C-TAEA", "run_idx": 12, "seed": 633335634, "worker_slot": 0, "igd": 0.021032365687790013, "hv": 0.7271678170751318, "n_feasible": 91, "time_sec": 5340.332111869007, "error": null}