{"problem_name": "C1DTLZ3", "m": 3, "algo_name": "C-TAEA", "run_idx": 34, "seed": 962005374, "worker_slot": 1, "igd": 0.060730725129640416, "hv": 0.12658359952184225, "n_feasible": 91, "time_sec": 8300.447552499012, "error": null}