{"problem_name": "C1DTLZ3", "m": 3, "algo_name": "C-TAEA", "run_idx": 22, "seed": 962004174, "worker_slot": 1, "igd": 8.004751873623409, "hv": 0.0, "n_feasible": 91, "time_sec": 7870.579086869024, "error": null}