{"problem_name": "C1DTLZ1", "m": 3, "algo_name": "C-TAEA", "run_idx": 38, "seed": 633338234, "worker_slot": 2, "igd": 0.020551309028148546, "hv": 0.7280663439842245, "n_feasible": 91, "time_sec": 4357.794477445015, "error": null}