{"problem_name": "C1DTLZ1", "m": 3, "algo_name": "C-TAEA", "run_idx": 48, "seed": 633339234, "worker_slot": 0, "igd": 0.020811064024172765, "hv": 0.7945155384420249, "n_feasible": 91, "time_sec": 3572.601312079001, "error": null}