{"problem_name": "C1DTLZ3", "m": 3, "algo_name": "C-TAEA", "run_idx": 37, "seed": 962005674, "worker_slot": 4, "igd": 0.06295670219076058, "hv": 0.15275770928459537, "n_feasible": 91, "time_sec": 8754.973813017015, "error": null}