{"problem_name": "C1DTLZ1", "m": 3, "algo_name": "C-TAEA", "run_idx": 47, "seed": 633339134, "worker_slot": 11, "igd": 0.02034252769531661, "hv": 0.7942209863200361, "n_feasible": 91, "time_sec": 3863.599998590944, "error": null}