{"problem_name": "C1DTLZ3", "m": 3, "algo_name": "C-TAEA", "run_idx": 4, "seed": 962002374, "worker_slot": 7, "igd": 8.004905502061657, "hv": 0.0, "n_feasible": 91, "time_sec": 7207.9920574169955, "error": null}