{"problem_name": "C1DTLZ1", "m": 3, "algo_name": "C-TAEA", "run_idx": 9, "seed": 633335334, "worker_slot": 9, "igd": 0.021037492380843462, "hv": 0.7856175340467957, "n_feasible": 91, "time_sec": 4052.357099766028, "error": null}