{"problem_name": "C1DTLZ1", "m": 3, "algo_name": "C-TAEA", "run_idx": 42, "seed": 633338634, "worker_slot": 6, "igd": 0.020473163480326698, "hv": 0.7635209253246701, "n_feasible": 91, "time_sec": 4321.2605934969615, "error": null}