{"problem_name": "C1DTLZ3", "m": 3, "algo_name": "C-TAEA", "run_idx": 7, "seed": 962002674, "worker_slot": 10, "igd": 0.37031442221860594, "hv": 0.06678408269947947, "n_feasible": 90, "time_sec": 7161.35278484103, "error": null}