{"problem_name": "C1DTLZ3", "m": 3, "algo_name": "C-TAEA", "run_idx": 10, "seed": 962002974, "worker_slot": 1, "igd": 8.002650759553928, "hv": 0.0, "n_feasible": 91, "time_sec": 6454.095574140025, "error": null}