{"problem_name": "C1DTLZ1", "m": 3, "algo_name": "C-TAEA", "run_idx": 7, "seed": 633335134, "worker_slot": 7, "igd": 0.021271831174933874, "hv": 0.756960263064534, "n_feasible": 91, "time_sec": 4036.9430536259897, "error": null}