{"problem_name": "C1DTLZ1", "m": 3, "algo_name": "C-TAEA", "run_idx": 22, "seed": 633336634, "worker_slot": 10, "igd": 0.022232179255309466, "hv": 0.7573755978681682, "n_feasible": 91, "time_sec": 4490.425654766033, "error": null}