{"problem_name": "C1DTLZ1", "m": 3, "algo_name": "C-TAEA", "run_idx": 28, "seed": 633337234, "worker_slot": 4, "igd": 0.020623020284192356, "hv": 0.7882535728707772, "n_feasible": 91, "time_sec": 3992.2697205379955, "error": null}