{"problem_name": "C1DTLZ1", "m": 3, "algo_name": "C-TAEA", "run_idx": 33, "seed": 633337734, "worker_slot": 9, "igd": 0.020490260310818634, "hv": 0.7688051751346828, "n_feasible": 91, "time_sec": 4322.976951846038, "error": null}