{"problem_name": "C1DTLZ1", "m": 3, "algo_name": "C-TAEA", "run_idx": 35, "seed": 633337934, "worker_slot": 11, "igd": 0.020815370345747777, "hv": 0.7849605161733473, "n_feasible": 91, "time_sec": 4597.396860049979, "error": null}