{"problem_name": "C1DTLZ3", "m": 3, "algo_name": "C-TAEA", "run_idx": 35, "seed": 962005474, "worker_slot": 2, "igd": 0.061906376611699544, "hv": 0.09219246424069724, "n_feasible": 91, "time_sec": 8582.345953835, "error": null}