{"problem_name": "C1DTLZ3", "m": 3, "algo_name": "C-TAEA", "run_idx": 32, "seed": 962005174, "worker_slot": 11, "igd": 0.060546086255946915, "hv": 0.12441123769651505, "n_feasible": 91, "time_sec": 8617.713382180955, "error": null}