{"problem_name": "C1DTLZ1", "m": 3, "algo_name": "C-TAEA", "run_idx": 18, "seed": 633336234, "worker_slot": 6, "igd": 0.02029972089089072, "hv": 0.777755535233416, "n_feasible": 91, "time_sec": 4475.762280199968, "error": null}