{"problem_name": "C1DTLZ1", "m": 3, "algo_name": "C-TAEA", "run_idx": 39, "seed": 633338334, "worker_slot": 3, "igd": 0.02106220536349123, "hv": 0.7899389538494329, "n_feasible": 91, "time_sec": 4207.872376556974, "error": null}