{"problem_name": "C1DTLZ1", "m": 3, "algo_name": "C-TAEA", "run_idx": 45, "seed": 633338934, "worker_slot": 9, "igd": 0.02081922345665624, "hv": 0.787452343418784, "n_feasible": 91, "time_sec": 4185.489383802982, "error": null}