{"problem_name": "C1DTLZ3", "m": 3, "algo_name": "C-TAEA", "run_idx": 9, "seed": 962002874, "worker_slot": 0, "igd": 0.06562586978037889, "hv": 0.15323032152987945, "n_feasible": 91, "time_sec": 7592.742459731991, "error": null}